{"pre_ablation": {"forget_loss": 1.0116360187530518, "retain_loss": 1.0500295162200928}, "post_ablation": {"forget_loss": 1.0192983448505402, "retain_loss": 1.0586575269699097}}