{"pre_ablation": {"forget_loss": 1.4679316282272339, "retain_loss": 1.5644601583480835}, "post_ablation": {"forget_loss": 3.2472310066223145, "retain_loss": 2.023167848587036}}