{"pre_ablation": {"forget_loss": 1.0864829421043396, "retain_loss": 1.0791699886322021}, "post_ablation": {"forget_loss": 1.3459745645523071, "retain_loss": 1.1048822402954102}}