{"pre_ablation": {"forget_loss": 1.3909050226211548, "retain_loss": 1.5171138048171997}, "post_ablation": {"forget_loss": 1.4022801518440247, "retain_loss": 1.5307738780975342}}